
-- Categorias de Produto (10)
INSERT INTO `categoria_produto` (`id`, `nome`) VALUES (4, 'commodi'),(3, 'culpa'),(6, 'distinctio'),(9, 'ea'),(5, 'hic'),(1, 'quibusdam'),(10, 'rem'),(7, 'sint'),(8, 'soluta'),(2, 'vero');

-- Produtos (100)
INSERT INTO `produto` VALUES (1,'Reiciendis voluptatem adipisci',1),(2,'Sed et et.',2),(3,'Maxime autem.',3),(4,'Ullam ut.',4),(5,'Recusandae qui.',5),(6,'Doloribus quasi omnis.',6),(7,'Dignissimos perspiciatis.',7),(8,'Sit placeat.',8),(9,'Error quasi ipsam.',9),(10,'Rem aut.',10),(11,'Dolorem omnis.',1),(12,'Nihil deleniti.',2),(13,'Molestias repellat ut.',3),(14,'Quia dolorem.',4),(15,'Nemo neque facilis.',5),(16,'Nihil quia ad.',6),(17,'Eius dolorum libero.',7),(18,'Hic mollitia qui.',8),(19,'Repellat consequatur.',9),(20,'Nihil aliquid quia.',10),(21,'Magnam ducimus.',1),(22,'Est ratione possimus.',2),(23,'Ut vel.',3),(24,'Expedita minus.',4),(25,'Nihil ut ullam.',5),(26,'Harum provident.',6),(27,'Error expedita.',7),(28,'Excepturi quis.',8),(29,'Omnis velit.',9),(30,'Modi est quisquam.',10),(31,'Tempora quidem molestiae.',1),(32,'Id neque nulla.',2),(33,'Iusto et cumque.',3),(34,'Quibusdam repellendus natus.',4),(35,'Officia id.',5),(36,'Saepe est.',6),(37,'Non dignissimos.',7),(38,'Deleniti voluptas.',8),(39,'Et et necessitatibus.',9),(40,'Totam perferendis sequi.',10),(41,'Fugiat nulla sit.',1),(42,'Voluptatem magni asperiores.',2),(43,'Qui ea.',3),(44,'Et molestias.',4),(45,'Libero rem nihil.',5),(46,'Ex mollitia.',6),(47,'Deleniti praesentium rerum.',7),(48,'Qui molestiae accusamus.',8),(49,'Est repellat.',9),(50,'Molestiae labore.',10),(51,'Enim numquam.',1),(52,'Vero a dolorum.',2),(53,'Rerum hic dolorum.',3),(54,'Quo cupiditate.',4),(55,'Consectetur aut laboriosam.',5),(56,'Neque ut.',6),(57,'Vitae est magnam.',7),(58,'Autem harum.',8),(59,'Occaecati temporibus deserunt.',9),(60,'Exercitationem expedita.',10),(61,'Ut blanditiis.',1),(62,'Reiciendis iusto.',2),(63,'Sint ea qui.',3),(64,'Nulla et.',4),(65,'Consectetur eos.',5),(66,'Eaque eligendi vitae.',6),(67,'Eligendi iste.',7),(68,'Enim aut sed.',8),(69,'Consequatur sed.',9),(70,'Ex adipisci.',10),(71,'Exercitationem voluptas quaera',1),(72,'Ratione nisi cum.',2),(73,'Id aut corporis.',3),(74,'Consequatur commodi impedit.',4),(75,'Ipsa doloremque neque.',5),(76,'Cumque itaque odio.',6),(77,'Nisi voluptas nesciunt.',7),(78,'Ut saepe ut.',8),(79,'Est minus.',9),(80,'Assumenda explicabo quidem.',10),(81,'Et non nam.',1),(82,'In animi.',2),(83,'Ut sequi.',3),(84,'Minima nisi.',4),(85,'Id consequatur sunt.',5),(86,'Dolorum consequatur.',6),(87,'Architecto similique non.',7),(88,'Ratione repellendus.',8),(89,'Qui ut et.',9),(90,'Ullam est.',10),(91,'Nostrum atque minima.',1),(92,'Est voluptatum placeat.',2),(93,'Veniam ipsum ea.',3),(94,'Qui id.',4),(95,'Et esse.',5),(96,'Asperiores at.',6),(97,'Pariatur delectus hic.',7),(98,'Nam enim aperiam.',8),(99,'Voluptatem omnis praesentium.',9),(100,'Ut earum placeat.',10);

-- Fornecedores (10)
INSERT INTO `fornecedor` VALUES (1,'Tempore et voluptate quam.','19149809568260'),(2,'Provident doloribus excepturi a.','97319254267476'),(3,'Iusto aut sit.','24746159620740'),(4,'Est velit ea repudiandae.','76953034418269'),(5,'Accusantium et at.','16737299928568'),(6,'Delectus illum.','72928593106272'),(7,'Adipisci fugiat asperiores dolores.','70056941189657'),(8,'Et illum nostrum fugiat.','90894336717122'),(9,'Quibusdam commodi ab reprehenderit.','27922379099841'),(10,'Quidem perferendis non.','24879396881419');

-- Fornecedor_produto (210)
INSERT INTO `fornecedor_produto` VALUES (7,38),(6,27),(10,73),(8,39),(3,18),(5,34),(1,42),(4,13),(1,42),(2,98),(7,97),(9,69),(4,98),(9,83),(4,57),(9,91),(10,56),(5,28),(5,12),(5,13),(8,81),(5,4),(2,26),(1,62),(3,61),(8,51),(6,81),(7,49),(9,37),(3,8),(7,84),(9,5),(10,31),(3,12),(2,78),(5,73),(8,25),(5,98),(2,41),(2,40),(8,99),(1,70),(4,95),(1,8),(6,46),(7,31),(1,36),(5,89),(10,76),(1,54),(9,36),(7,31),(9,27),(4,53),(2,74),(2,7),(9,44),(9,12),(2,50),(4,67),(2,96),(6,87),(6,82),(5,4),(1,87),(7,62),(7,86),(10,95),(7,84),(6,30),(9,4),(4,67),(8,70),(4,96),(2,5),(5,52),(4,75),(6,8),(1,61),(8,16),(5,11),(6,10),(7,48),(5,74),(7,52),(7,18),(9,42),(9,9),(2,89),(2,18),(10,76),(6,58),(9,78),(6,79),(9,91),(2,81),(10,58),(6,62),(9,21),(8,49),(1,40),(8,94),(9,29),(5,80),(7,50),(9,65),(9,89),(10,89),(8,12),(5,6),(5,9),(10,60),(3,19),(7,98),(1,47),(3,71),(4,59),(2,19),(3,46),(9,3),(9,33),(5,46),(9,69),(8,39),(6,76),(5,31),(4,41),(4,55),(9,17),(4,89),(2,87),(6,46),(6,67),(2,35),(3,22),(3,98),(9,24),(5,11),(10,63),(3,79),(6,15),(4,69),(4,61),(1,41),(5,22),(4,57),(9,43),(3,10),(7,89),(5,51),(5,50),(9,9),(3,41),(4,14),(1,88),(4,90),(2,75),(7,95),(1,61),(7,60),(9,37),(6,58),(1,10),(1,27),(5,89),(5,18),(8,36),(9,1),(4,33),(9,8),(10,74),(7,83),(6,73),(10,58),(10,35),(1,57),(7,93),(9,27),(8,1),(9,83),(1,9),(6,63),(2,44),(7,45),(4,22),(9,8),(5,3),(10,54),(4,59),(9,92),(8,70),(2,10),(9,36),(7,63),(1,39),(7,90),(8,26),(2,58),(4,25),(10,87),(10,44),(3,87),(2,53),(9,24),(9,23),(10,47),(5,52),(5,17),(3,4),(7,96), (1,2),(3,32),(1,72),(10,64),(5,85),(4,66),(3,77),(7,68),(7,20),(8,100);

-- Estoque (12)
INSERT INTO `estoque` VALUES (1,'04402 Willie Motorway\nRoweton, ME 13723'),(2,'30025 Hoppe Camp Suite 316\nBlickland, DC 10679'),(3,'54277 Cheyenne Springs\nPort Maybelle, FL 26499-432'),(4,'679 Bartoletti Ports Suite 297\nBetsybury, HI 05571'),(5,'213 Beverly Fall\nFerryport, NY 58793'),(6,'7194 Crona Islands Suite 611\nGoldnerfort, GA 32257'),(7,'0323 Steuber Terrace Suite 806\nNew Anissa, AZ 3675'),(8,'34426 Nathanael Land Suite 545\nSouth Myrtle, ND 32'),(9,'117 Okuneva Extensions Suite 056\nWest Kallie, MD 1'),(10,'1424 Beatty Summit Apt. 658\nNew Elliottland, ND 26'),(11,'911 Eichmann Walk Apt. 923\nWest Rhettville, MA 429'),(12,'20816 O\'Connell Knolls\nMartinachester, SD 19110-07');
-- '

-- Estoque_produto (300)
INSERT INTO `estoque_produto` VALUES (5,23,44),(8,33,30),(9,10,50),(2,68,37),(1,16,1),(10,65,25),(3,25,47),(12,19,20),(7,97,39),(7,70,5),(9,8,11),(11,94,9),(9,52,50),(5,4,38),(9,62,11),(1,69,5),(12,83,0),(4,75,30),(9,47,47),(9,12,10),(11,10,39),(5,91,46),(3,59,22),(11,97,3),(2,85,37),(9,24,39),(7,85,11),(6,25,12),(9,56,7),(5,67,1),(12,49,47),(9,65,28),(2,81,36),(6,32,33),(1,72,16),(11,11,40),(6,37,47),(1,91,31),(2,72,39),(9,49,39),(6,43,19),(9,40,49),(11,89,7),(12,6,50),(1,35,18),(7,3,20),(12,97,27),(6,34,29),(6,1,12),(12,4,32),(9,79,46),(5,22,17),(4,12,9),(5,65,12),(3,43,6),(4,43,16),(11,73,26),(12,30,3),(11,46,20),(4,68,14),(3,15,28),(12,69,28),(7,14,49),(7,37,2),(8,47,42),(7,42,44),(11,91,44),(7,90,6),(3,77,0),(7,50,50),(4,27,46),(3,2,6),(9,67,5),(9,92,42),(1,90,23),(9,17,50),(10,72,27),(11,30,9),(5,18,29),(4,46,44),(9,9,28),(2,77,7),(12,56,44),(8,57,16),(1,77,42),(8,44,45),(3,49,27),(4,90,5),(1,97,20),(10,67,49),(2,57,38),(10,78,48),(9,39,32),(2,73,25),(3,20,37),(4,57,33),(10,19,14),(7,96,43),(3,31,3),(12,6,18),(10,19,7),(9,65,9),(7,25,20),(10,50,50),(2,100,50),(1,83,8),(4,71,15),(3,25,40),(7,57,49),(4,84,5),(11,44,15),(3,25,43),(11,36,20),(2,92,19),(11,91,0),(4,60,2),(7,61,48),(7,90,29),(12,45,19),(4,63,35),(6,59,41),(6,81,27),(6,64,32),(2,21,26),(12,7,3),(3,33,36),(3,96,9),(8,25,50),(8,59,4),(7,81,46),(3,79,23),(9,28,25),(10,57,15),(3,74,21),(9,57,39),(1,37,27),(2,68,28),(2,55,1),(2,50,42),(2,16,17),(3,14,48),(7,63,50),(11,37,27),(1,31,31),(4,43,32),(12,7,13),(6,21,31),(3,61,21),(11,28,6),(3,10,39),(3,78,10),(10,35,11),(7,7,7),(4,45,41),(8,11,46),(3,57,15),(1,17,6),(10,5,36),(4,6,41),(4,74,35),(12,18,18),(6,75,14),(1,77,33),(6,96,44),(10,84,39),(10,13,12),(4,91,38),(8,15,24),(12,4,26),(10,57,10),(4,6,20),(12,29,11),(12,73,29),(11,3,28),(3,34,11),(6,82,11),(5,27,30),(7,82,0),(2,51,41),(1,55,39),(5,66,48),(8,43,9),(1,16,22),(12,96,35),(11,88,25),(6,57,50),(12,52,5),(9,56,38),(1,28,34),(5,46,39),(3,47,42),(12,42,10),(10,14,2),(9,63,19),(2,26,36),(11,61,15),(8,3,28),(9,76,7),(3,32,29),(2,34,10),(7,98,6),(12,48,4),(10,19,14),(8,46,33),(8,41,49),(2,21,36),(6,11,30),(5,71,33),(8,8,23),(6,95,50),(2,48,10),(2,31,2),(7,87,23),(1,64,4),(12,96,34),(12,22,48),(9,98,49),(11,69,24),(11,56,50),(4,65,35),(3,31,9),(4,78,17),(6,89,2),(5,23,4),(1,38,41),(12,25,23),(9,12,7),(10,59,48),(10,75,7),(8,21,11),(2,20,1),(8,12,50),(12,49,47),(2,94,27),(11,43,16),(7,60,44),(7,52,34),(8,61,7),(10,35,6),(3,81,43),(7,54,29),(5,21,14),(7,93,25),(10,70,8),(4,44,19),(4,30,10),(5,47,24),(10,3,29),(1,43,44),(5,57,11),(8,70,40),(4,83,32),(6,80,23),(7,85,12),(8,72,9),(1,54,3),(7,69,2),(8,16,14),(4,9,30),(11,80,41),(5,1,2),(2,65,40),(5,34,8),(12,39,34),(11,85,3),(5,99,45),(7,47,7),(2,86,30),(2,27,47),(1,35,44),(3,77,0),(10,66,11),(8,76,48),(12,54,37),(7,68,48),(6,79,19),(4,56,46),(12,5,0),(8,50,29),(12,15,9),(1,9,36),(11,70,26),(3,81,46),(12,58,3),(12,55,26),(12,18,7),(8,95,22),(5,49,20),(4,72,14),(10,10,33),(2,31,31),(8,72,1),(2,48,49),(1,74,17),(9,65,32),(7,69,50),(6,35,41),(12,88,24),(6,48,35),(2,22,20),(3,53,0);

-- Cliente (100)
-- Clientes PF (90)
INSERT INTO `cliente` VALUES (1,'PF','22002 Janae Corners Apt. 834\nWest Camden, OK 60492-8130'),(2,'PF','58045 Angelo Walks Suite 996\nSimonistown, NH 61380'),(3,'PF','3837 Heaven Circle\nNew Francisco, NY 67397'),(4,'PF','604 Martina Stream Apt. 788\nSchillerhaven, WV 50306-8825'),(5,'PF','4698 Zboncak Key Apt. 779\nDelilahberg, ND 50731'),(6,'PF','72284 Maribel Village\nLakinview, IN 94441'),(7,'PF','33853 Vincenza Burg\nPort Lillymouth, WV 30060-7792'),(8,'PF','66249 Mayert Station Suite 259\nWest Polly, NV 17007'),(9,'PF','631 Ankunding Lock\nMyronshire, AR 28486'),(10,'PF','0630 Catharine Road\nLake Matildebury, AZ 45246'),(11,'PF','147 Wiegand Island\nSchneiderside, AZ 35823-4346'),(12,'PF','52429 Fredy Place\nPfefferton, VT 60201-5856'),(13,'PF','710 Boyle Shoals\nEast Serena, DC 99730'),(14,'PF','2786 Ernest Manors\nWestview, DE 71112'),(15,'PF','353 Liliane Manor Apt. 431\nEast Adolphus, ND 78606'),(16,'PF','553 Tillman Skyway\nClayburgh, WA 88137'),(17,'PF','345 Mortimer Ways Suite 905\nAddiebury, NC 47594'),(18,'PF','0712 Kihn Well\nWest Berniece, DE 06556'),(19,'PF','510 Creola Crest Apt. 218\nNew Thurman, NH 52646'),(20,'PF','03272 Dario Extensions Apt. 625\nNew Carlie, MA 60430'),(21,'PF','952 Cummerata Plaza\nZiemannshire, IA 48386-0810'),(22,'PF','152 Serena Alley\nNorth Mariana, DC 82091-3225'),(23,'PF','9645 Turner Squares\nMurrayville, UT 42353-8791'),(24,'PF','25348 Maureen Summit\nBarrowsbury, KS 74173-6634'),(25,'PF','61931 Pagac Wells\nLake Kaia, WA 00801'),(26,'PF','435 Melissa Junctions Suite 579\nNew Kevenbury, SD 99548-9474'),(27,'PF','5505 Marion Extensions Apt. 573\nSouth Eleonore, WY 63241-4585'),(28,'PF','923 Lueilwitz Ford\nOlsonfort, FL 05098-3196'),(29,'PF','08992 Yasmin Rapids Suite 818\nMadisonton, CT 47713-7554'),(30,'PF','375 Hodkiewicz Valleys\nWest Lessie, MS 25727-7418'),(31,'PF','3331 Larson Fall Suite 157\nNorth Kim, MA 71252'),(32,'PF','6281 Lizzie Isle\nHermistonmouth, IA 22252'),(33,'PF','24403 Olin Squares\nJohnstontown, IN 44128-4572'),(34,'PF','2572 Stoltenberg Lane\nNorth Giles, MA 11405'),(35,'PF','9551 Greg Streets\nVirginieberg, SD 88652-0593'),(36,'PF','944 Cathrine Trail\nPort Bella, MA 14219-1198'),(37,'PF','9874 Erdman Shores Apt. 947\nNorth Lila, ND 07761-1045'),(38,'PF','416 Grayce Key Suite 703\nPort Daniella, CT 88197-7395'),(39,'PF','12298 Candice Freeway Suite 067\nTannerburgh, NE 54060-9703'),(40,'PF','359 Jaqueline Extensions Suite 477\nWest Alexzanderfort, NH 74499-1160'),(41,'PF','226 Johns Plaza\nEast Casimer, MI 43739'),(42,'PF','3700 Maida Plaza\nEast Warren, GA 23224-9731'),(43,'PF','1004 Hermiston Unions\nPollichland, ME 11436-3782'),(44,'PF','580 Carroll Centers\nLake Milton, MT 75165-5841'),(45,'PF','29475 Kiana Wells\nWest Tressabury, WA 26005-7631'),(46,'PF','84914 Simeon Points Apt. 749\nEldafurt, HI 01402'),(47,'PF','4960 Doyle Rapids\nWest Ike, NY 44579-1434'),(48,'PF','39954 Anya Knolls\nHackettville, ND 48615-1020'),(49,'PF','1447 Kacie Village Apt. 562\nSouth Mario, OR 03309'),(50,'PF','0755 Claire Pine\nEast Alfonzo, IA 56667'),(51,'PF','697 Witting Port Apt. 336\nMarvinmouth, MI 43352-8661'),(52,'PF','9615 Salma Keys\nSmithland, FL 10622'),(53,'PF','27215 Yesenia Vista\nPort Jaylonhaven, NY 28255-9884'),(54,'PF','875 Kianna Mill Apt. 016\nWest Bernice, NC 12162'),(55,'PF','7147 Ernest Prairie\nEribertomouth, NH 93593-8631'),(56,'PF','558 Murray Fords\nCarleymouth, TN 90689-1863'),(57,'PF','62267 Wyman Circle\nMedhurstfort, KY 62415-5533'),(58,'PF','1210 Queenie Bypass Suite 812\nFarrellborough, MA 39898-6182'),(59,'PF','730 Alfredo Curve\nNew Merle, NE 37690'),(60,'PF','136 Cheyenne Mews Apt. 646\nRatkeberg, KS 58544'),(61,'PF','07537 Lemke Tunnel\nVirginiehaven, TN 74869'),(62,'PF','44347 Weston Station Suite 451\nKshlerinchester, CO 19627-5477'),(63,'PF','89339 Krajcik Land Suite 675\nSouth Sandrine, DC 05839'),(64,'PF','66926 Hyatt Walk Apt. 839\nGreenborough, LA 66567'),(65,'PF','80161 Heller Squares Suite 512\nSouth Onie, KY 10896-2569'),(66,'PF','2854 Ratke Union\nKasandrahaven, CO 54406-4941'),(67,'PF','85000 Addie Heights Apt. 991\nNorth Edgardomouth, IA 96750'),(68,'PF','7977 Xander Branch\nMcKenziemouth, NM 87423-8206'),(69,'PF','80529 Eliseo Cliff Suite 699\nGretamouth, SD 14058'),(70,'PF','1533 Alessandro Club\nLake Elnaton, MI 88669-7260'),(71,'PF','50996 Eichmann Branch Apt. 167\nNew Jensen, MT 46103'),(72,'PF','5520 Kuhic Trail\nPort Casey, UT 63078'),(73,'PF','151 Kaden Alley Suite 291\nLake Josianefort, HI 54229-0760'),(74,'PF','7223 Parker Ports\nWest Myronville, OH 24533-0240'),(75,'PF','08664 Muller Lane Suite 497\nLake Kiannaview, SD 74920-2074'),(76,'PF','03960 Savanna Park\nArdellaborough, NY 49297'),(77,'PF','846 Erich Pass\nCaspermouth, DC 78165-2401'),(78,'PF','650 Luettgen Manors\nLydiafort, KY 00425-4360'),(79,'PF','2909 Orland Estate\nAracelyland, LA 68846'),(80,'PF','9025 Margarete Locks Apt. 661\nBogisichside, PA 31453-5763'),(81,'PF','48761 Bednar Groves\nNew Minerva, KY 29768'),(82,'PF','87331 Alize Orchard Suite 658\nPaucektown, MI 56474'),(83,'PF','172 Kyler Isle Suite 458\nStrosinshire, WY 51770'),(84,'PF','233 Daphnee View\nYostville, VA 87347'),(85,'PF','509 Hildegard Curve Suite 835\nSouth Maritza, VA 17474'),(86,'PF','9157 Patrick Hollow\nRoxaneton, DC 79914'),(87,'PF','39949 Dooley Rest\nNitzscheshire, KY 61122'),(88,'PF','7203 Trey Terrace Apt. 761\nSouth Cathy, MT 42544'),(89,'PF','2844 Bobbie Common Suite 618\nBeckerfort, LA 77802'),(90,'PF','8052 Bradtke Ridges\nTysontown, AK 68032');
-- Clientes PJ (10)
INSERT INTO `cliente` VALUES (91,'PJ','1139 Arnaldo Keys\nSipesport, VT 95296-0293'),(92,'PJ','374 Lia Ville Apt. 487\nBlockbury, NE 42134-6156'),(93,'PJ','19651 Volkman Lights Apt. 363\nEast Nathanael, TX 79294-1070'),(94,'PJ','97150 Charity Cove Apt. 098\nSwiftmouth, WI 42675-3568'),(95,'PJ','1227 Alvera Island Apt. 378\nHudsonchester, TN 51811'),(96,'PJ','61187 Floyd Track\nPort Blancheberg, KS 90121-9441'),(97,'PJ','710 Howe Light\nSouth Elmira, IA 43632'),(98,'PJ','9788 Kunze Field Apt. 689\nMurazikhaven, WY 39416-7296'),(99,'PJ','0312 Mohr Lock\nNorth Reedmouth, AL 86243'),(100,'PJ','37574 Carmel Tunnel Suite 689\nKenyattastad, KY 17068');

-- Dados Cliente
-- Dados PF
INSERT INTO `pessoa_fisica` VALUES (47,'Dr. Claudie Smitham I','10113529559','2016-11-13'),(53,'Dr. Ofelia Harber I','10472157749','2011-10-11'),(26,'Kaylin Brown','10847522278','2009-10-12'),(63,'Prof. Alexie Stiedemann III','11382420864','1970-10-25'),(41,'Ms. Bonita Goodwin IV','12401573142','1977-04-19'),(82,'Kevon Powlowski V','12874432075','1985-05-09'),(69,'Ward Hoppe','13561027690','1975-07-31'),(76,'Roslyn Steuber','15567615527','2014-01-26'),(66,'Ms. Antoinette Skiles PhD','15610945090','1970-03-27'),(64,'Myrtis Collins','17234207554','1972-12-16'),(51,'Jensen Stark','18488055026','2012-06-12'),(87,'Prof. Alphonso Bruen PhD','18788797555','1978-04-06'),(21,'Prof. Ken Kuhic','19484385628','2016-12-10'),(16,'Lauriane Johns','19693013408','2001-07-29'),(81,'Ofelia Strosin','20216790531','1987-10-10'),(86,'Charley Corwin','20372924740','2019-08-07'),(89,'Mr. Vance Hayes','21718969741','2004-05-28'),(62,'Jay Beier Sr.','22783256002','1981-09-05'),(48,'Hattie Bernhard','24458853719','2018-06-07'),(12,'Miss Jaquelin Rempel Jr.','24894174796','2008-08-18'),(25,'Esther Wintheiser','25273741425','2021-12-22'),(85,'Deven Bernier','25346152716','1999-02-17'),(22,'Brady Aufderhar','27988341340','1971-12-01'),(78,'Ceasar Miller I','27999825018','2004-07-27'),(35,'Darren Conn','28060171175','1993-03-24'),(13,'Mr. Oswaldo Friesen','30451195689','1988-08-21'),(31,'Destany Kuhlman','33228472233','2012-03-07'),(34,'Dr. Myles Donnelly I','34297764485','2018-04-04'),(10,'Kitty Ullrich Sr.','35181912115','2004-03-09'),(44,'Dayton Hansen','35713682531','1973-08-29'),(29,'Bennett Lakin III','36116042257','1997-06-20'),(23,'Houston Lebsack IV','36343736301','1973-08-12'),(6,'Henriette Rodriguez','38316675522','1998-04-15'),(67,'Dr. Horace Shields','39301871499','1970-09-05'),(55,'Lydia O\'Conner','40079722969','1982-05-16'),(43,'Dr. Greyson Stoltenberg DVM','40638759967','1970-08-03'),(72,'Emil Toy','41205928661','1997-04-23'),(38,'Kaya O\'Hara','41644895298','1990-04-17'),(88,'Alexane Rippin','41698711310','1999-08-10'),(8,'Manley Schultz I','42665535006','2004-02-24'),(24,'Mrs. Justina Shanahan','43183674156','1978-04-03'),(60,'Dr. Kayden Kozey Jr.','46080791018','2011-01-19'),(83,'Antone Daugherty','47987661378','1970-06-04'),(3,'Kailey Hermann','50896990047','1970-08-31'),(17,'Prof. Richie Turner III','51473287781','2015-09-13'),(2,'Xander Beatty','52271387393','2007-09-01'),(70,'Jaleel Monahan','52658872834','1987-09-02'),(46,'Vickie Abshire','55234300475','2006-11-04'),(90,'Prof. Mikel Shanahan','56468484022','2017-08-21'),(84,'Luther McDermott','58328052169','1995-07-19'),(68,'Macey Rohan','59951115879','1999-07-15'),(9,'Bianka Abbott','62078774756','1973-09-29'),(65,'Dahlia Wintheiser','62190748797','2016-10-12'),(54,'Jocelyn Kessler','62470237157','1971-06-17'),(11,'Benny Ortiz','62857314800','1997-04-05'),(58,'Augustine Kuhic','64785443593','1981-08-19'),(36,'Merlin Hodkiewicz Sr.','66533649810','2005-05-10'),(20,'Daphney Hegmann','67090213022','2000-03-06'),(45,'Prof. Narciso Kertzmann PhD','69549237085','2006-11-28'),(40,'Jaquelin Ebert DDS','70168462545','2001-05-13'),(18,'Jordi Tremblay','71412468003','2004-12-19'),(19,'Mrs. Haylie Zboncak DDS','72620671901','1991-12-19'),(15,'Jed Little','73702954075','2008-01-30'),(61,'Zack Torphy','75216733126','1993-06-22'),(37,'Rachel Braun','75479978879','2008-10-20'),(75,'Heather Volkman','76645101520','2016-02-11'),(7,'Ubaldo Medhurst','77000098413','1983-02-17'),(32,'Ayana Lowe','77350025869','1997-07-11'),(73,'Eugenia Lehner','77844988964','2003-06-24'),(27,'Brooks Koss','78263735201','1971-04-22'),(14,'Mable Stokes MD','80768414592','2013-06-16'),(57,'Sally Dietrich','81175266662','1995-05-14'),(77,'Ms. Alda Wolf','84168827078','1992-02-12'),(59,'Estel O\'Hara','84196851368','1974-02-17'),(5,'Dudley Skiles','84522816858','2006-07-30'),(30,'Stewart Kessler','85490060078','2013-07-08'),(80,'Obie Aufderhar','87106832566','2001-12-09'),(74,'Ms. Macy Haag','88078570053','1992-09-18'),(49,'Maximo Boyer','88470227943','1982-08-26'),(79,'Jackie Baumbach','89028041897','2006-10-21'),(39,'Maggie O\'Reilly MD','90655231253','1971-06-05'),(33,'Granville Grady PhD','90667661543','1979-03-28'),(42,'Dr. Lesley Mills','91969318383','1983-12-06'),(71,'Prof. Taya Carroll II','92306208295','1993-05-08'),(1,'Leonora Waters Sr.','94332493502','1987-04-28'),(4,'Brody Schumm','94741073500','2003-10-17'),(56,'Jermain Hills','95865530686','2003-05-04'),(52,'Mrs. Lyla Streich','96991228370','1989-04-01'),(50,'Dr. Armani Friesen DDS','98181468686','1972-09-03'),(28,'Roma Christiansen IV','99994866100','2008-11-25');
-- Dados PJ
INSERT INTO `pessoa_juridica` VALUES (97,'Id amet molestiae.','11051627015820','1989-11-17'),(98,'Qui qui autem sit at.','28046826931631','1978-02-24'),(93,'Libero id id est.','33689489839703','2004-02-28'),(91,'Consequuntur qui non nisi est voluptas.','47338623083176','1985-11-15'),(94,'Et ea tempore delectus ut.','51332581147340','2012-03-25'),(99,'Est deserunt iusto.','57417634355921','1977-12-02'),(92,'Quas non explicabo voluptate accusantium nihil.','60894888085342','1983-06-16'),(96,'Assumenda ut quia aut voluptatem.','61407672855064','1975-01-03'),(95,'Et veritatis nesciunt exercitationem dolorem.','62663434025988','1972-02-29'),(100,'Blanditiis sit animi est voluptates at.','75705841765199','1991-10-24');

-- Pedido (200)
INSERT INTO `pedido`(id_cliente,status_do_pedido) VALUES (28,'Em progresso'),(39,'Cancelado'),(81,'Concluído'),(31,'Cancelado'),(70,'Cancelado'),(22,'Concluído'),(48,'Concluído'),(75,'Em progresso'),(90,'Concluído'),(93,'Em progresso'),(22,'Concluído'),(15,'Cancelado'),(31,'Em progresso'),(63,'Cancelado'),(22,'Cancelado'),(13,'Cancelado'),(69,'Em progresso'),(38,'Em progresso'),(27,'Cancelado'),(45,'Cancelado'),(11,'Cancelado'),(1,'Cancelado'),(28,'Cancelado'),(70,'Em progresso'),(82,'Concluído'),(21,'Cancelado'),(88,'Concluído'),(52,'Cancelado'),(75,'Em progresso'),(99,'Concluído'),(10,'Cancelado'),(2,'Cancelado'),(92,'Em progresso'),(72,'Em progresso'),(61,'Em progresso'),(94,'Em progresso'),(89,'Em progresso'),(91,'Concluído'),(39,'Em progresso'),(70,'Cancelado'),(81,'Concluído'),(17,'Cancelado'),(97,'Concluído'),(47,'Em progresso'),(40,'Concluído'),(27,'Cancelado'),(18,'Concluído'),(23,'Cancelado'),(52,'Concluído'),(98,'Em progresso'),(20,'Cancelado'),(53,'Cancelado'),(33,'Concluído'),(34,'Em progresso'),(55,'Cancelado'),(49,'Em progresso'),(41,'Concluído'),(73,'Em progresso'),(66,'Cancelado'),(92,'Em progresso'),(1,'Concluído'),(37,'Concluído'),(22,'Em progresso'),(53,'Cancelado'),(48,'Cancelado'),(62,'Cancelado'),(11,'Cancelado'),(73,'Concluído'),(44,'Em progresso'),(39,'Em progresso'),(53,'Cancelado'),(84,'Em progresso'),(57,'Em progresso'),(43,'Concluído'),(23,'Cancelado'),(87,'Concluído'),(37,'Cancelado'),(11,'Em progresso'),(87,'Em progresso'),(9,'Cancelado'),(67,'Cancelado'),(94,'Concluído'),(58,'Concluído'),(74,'Concluído'),(81,'Concluído'),(4,'Concluído'),(3,'Em progresso'),(13,'Cancelado'),(84,'Concluído'),(57,'Cancelado'),(58,'Cancelado'),(55,'Em progresso'),(58,'Em progresso'),(61,'Cancelado'),(12,'Cancelado'),(8,'Cancelado'),(33,'Concluído'),(63,'Cancelado'),(14,'Em progresso'),(51,'Cancelado'),(46,'Concluído'),(57,'Cancelado'),(21,'Concluído'),(16,'Concluído'),(65,'Em progresso'),(73,'Concluído'),(3,'Cancelado'),(97,'Em progresso'),(38,'Em progresso'),(56,'Em progresso'),(49,'Concluído'),(88,'Cancelado'),(90,'Em progresso'),(85,'Concluído'),(79,'Concluído'),(64,'Cancelado'),(10,'Cancelado'),(97,'Concluído'),(55,'Cancelado'),(8,'Cancelado'),(2,'Em progresso'),(87,'Cancelado'),(30,'Concluído'),(42,'Concluído'),(52,'Cancelado'),(62,'Concluído'),(58,'Concluído'),(19,'Cancelado'),(2,'Em progresso'),(37,'Concluído'),(53,'Concluído'),(67,'Cancelado'),(55,'Cancelado'),(73,'Concluído'),(36,'Em progresso'),(4,'Concluído'),(83,'Cancelado'),(30,'Concluído'),(48,'Cancelado'),(25,'Concluído'),(84,'Em progresso'),(98,'Cancelado'),(33,'Em progresso'),(25,'Em progresso'),(55,'Concluído'),(39,'Em progresso'),(81,'Em progresso'),(42,'Concluído'),(4,'Cancelado'),(53,'Em progresso'),(41,'Em progresso'),(71,'Em progresso'),(57,'Cancelado'),(40,'Concluído'),(6,'Em progresso'),(65,'Em progresso'),(69,'Cancelado'),(54,'Em progresso'),(18,'Cancelado'),(48,'Cancelado'),(21,'Cancelado'),(17,'Em progresso'),(16,'Concluído'),(68,'Concluído'),(86,'Cancelado'),(13,'Concluído'),(51,'Concluído'),(29,'Em progresso'),(97,'Concluído'),(77,'Em progresso'),(22,'Em progresso'),(26,'Cancelado'),(76,'Concluído'),(79,'Cancelado'),(83,'Em progresso'),(44,'Em progresso'),(57,'Em progresso'),(91,'Cancelado'),(30,'Cancelado'),(51,'Cancelado'),(18,'Concluído'),(87,'Em progresso'),(72,'Em progresso'),(6,'Cancelado'),(17,'Em progresso'),(40,'Em progresso'),(81,'Concluído'),(70,'Cancelado'),(51,'Cancelado'),(43,'Cancelado'),(33,'Cancelado'),(25,'Cancelado'),(80,'Cancelado'),(44,'Concluído'),(32,'Em progresso'),(70,'Cancelado'),(10,'Em progresso'),(73,'Em progresso'),(77,'Concluído'),(99,'Concluído');

-- Produto_pedido (250)
INSERT INTO `produto_pedido` VALUES (14,19,2),(68,39,1),(98,06,2),(95,53,4),(77,72,2),(77,89,2),(50,30,4),(71,01,1),(07,78,3),(12,82,3),(70,55,1),(11,94,3),(87,88,5),(13,64,3),(33,96,5),(02,05,5),(12,44,2),(60,46,2),(96,77,1),(56,72,5),(22,67,4),(58,90,4),(20,10,4),(01,77,4),(89,52,2),(76,22,3),(26,99,5),(54,76,2),(46,51,5),(64,84,2),(41,79,2),(51,66,4),(31,60,1),(59,28,2),(52,32,5),(43,83,4),(57,76,2),(85,68,5),(45,21,2),(12,40,5),(09,43,1),(63,04,5),(100,71,2),(60,84,3),(53,34,3),(98,64,2),(34,19,4),(77,26,1),(26,88,4),(95,61,4),(38,57,3),(87,90,1),(25,21,1),(24,08,2),(97,79,2),(92,32,1),(62,79,1),(98,100,2),(91,05,2),(02,92,1),(46,28,3),(37,66,1),(06,96,5),(60,11,1),(79,17,3),(68,18,1),(07,62,2),(50,29,1),(19,25,3),(91,12,5),(31,65,5),(58,45,3),(71,82,3),(76,81,5),(71,13,4),(93,62,3),(79,88,1),(82,100,1),(15,92,2),(64,06,4),(92,25,2),(96,47,5),(03,36,2),(91,27,4),(97,61,4),(05,48,5),(29,66,5),(48,23,3),(07,100,2),(95,74,1),(93,09,2),(83,16,3),(96,16,1),(73,20,1),(85,12,5),(15,76,4),(39,87,5),(67,26,2),(56,49,3),(40,30,1),(29,11,3),(76,15,2),(81,17,1),(14,97,5),(14,16,5),(93,70,2),(87,56,1),(77,92,2),(04,41,1),(09,83,1),(48,50,5),(14,83,5),(63,22,1),(62,88,5),(61,32,4),(38,49,2),(94,83,1),(58,35,1),(91,48,5),(100,15,4),(42,76,5),(09,74,2),(44,04,5),(31,63,4),(42,88,1),(37,62,4),(63,40,3),(79,39,1),(52,04,2),(25,06,3),(64,18,2),(100,78,1),(19,49,4),(67,23,4),(56,35,5),(53,38,3),(68,38,3),(20,46,2),(18,46,3),(01,62,2),(87,46,5),(20,01,1),(39,100,3),(70,34,4),(87,17,4),(11,11,3),(77,23,1),(15,45,5),(04,01,4),(22,20,1),(09,91,2),(04,21,4),(33,33,3),(54,91,3),(78,96,3),(05,64,5),(16,76,3),(55,26,4),(37,83,2),(96,82,3),(26,53,2),(71,19,2),(59,54,5),(41,99,4),(78,37,5),(24,75,1),(81,31,2),(47,34,1),(01,67,3),(39,75,1),(22,13,1),(96,52,1),(38,32,4),(81,69,2),(83,55,3),(02,55,1),(16,97,3),(12,54,4),(96,86,1),(32,32,3),(82,12,5),(09,94,2),(33,02,5),(81,27,5),(55,30,4),(14,20,1),(38,09,2),(33,44,2),(19,41,4),(22,58,5),(95,75,2),(64,34,2),(82,52,1),(16,17,5),(08,19,1),(49,92,1),(30,19,4),(77,77,2),(73,53,1),(43,37,1),(68,58,2),(62,65,2),(33,54,3),(60,49,4),(63,89,2),(15,47,2),(15,21,1),(96,97,4),(49,75,4),(89,37,2),(46,13,2),(51,07,5),(24,68,3),(31,20,2),(24,99,5),(53,57,3),(99,60,4),(54,53,3),(04,64,3),(03,09,4),(22,96,1),(57,70,4),(91,34,5),(52,47,2),(63,41,4),(25,76,2),(95,88,3),(69,08,4),(30,99,1),(89,83,3),(62,20,5),(18,30,1),(70,38,3),(10,19,3),(37,76,1),(45,40,1),(19,16,3),(03,13,2),(81,32,4),(09,47,2),(98,43,5),(55,44,3),(60,31,5),(68,26,5),(01,24,4),(92,60,2),(37,78,2),(02,66,4),(48,51,1),(71,83,3);
